Name of the Political Party,"Date of
Encashment",Sum - Denomination
AAM AADMI PARTY,18/Apr/2019,2000000
AAM AADMI PARTY,15/May/2019,10000000
AAM AADMI PARTY,21/May/2019,10000000
AAM AADMI PARTY,24/Jan/2020,3000000
AAM AADMI PARTY,06/Nov/2020,30000000
AAM AADMI PARTY,13/Jan/2021,12500000
AAM AADMI PARTY,13/Apr/2021,2000000
AAM AADMI PARTY,15/Apr/2021,1500000
AAM AADMI PARTY,19/Jul/2021,2500000
AAM AADMI PARTY,10/Jan/2022,20000000
AAM AADMI PARTY,12/Jan/2022,2500000
AAM AADMI PARTY,14/Jan/2022,5000000
AAM AADMI PARTY,18/Jan/2022,4500000
AAM AADMI PARTY,21/Jan/2022,2000000
AAM AADMI PARTY,10/Oct/2022,20000000
AAM AADMI PARTY,12/Oct/2022,20000000
AAM AADMI PARTY,14/Oct/2022,76000000
AAM AADMI PARTY,15/Oct/2022,69500000
AAM AADMI PARTY,20/Oct/2022,64000000
AAM AADMI PARTY,21/Oct/2022,5000000
AAM AADMI PARTY,14/Nov/2022,50000000
AAM AADMI PARTY,19/Nov/2022,20000000
AAM AADMI PARTY,21/Nov/2022,10000000
AAM AADMI PARTY,09/Dec/2022,10000000
AAM AADMI PARTY,14/Dec/2022,20000000
AAM AADMI PARTY,15/Dec/2022,20000000
AAM AADMI PARTY,16/Dec/2022,31000000
AAM AADMI PARTY,17/Dec/2022,30000000
AAM AADMI PARTY,11/Jul/2023,50000000
AAM AADMI PARTY,15/Jul/2023,50000000
AAM AADMI PARTY,26/Jul/2023,1500000
ADYAKSHA SAMAJVADI PARTY,18/Apr/2019,8400000
ADYAKSHA SAMAJVADI PARTY,10/May/2019,100000000
ADYAKSHA SAMAJVADI PARTY,10/Jan/2022,2100000
ADYAKSHA SAMAJVADI PARTY,13/Jan/2022,30000000
ALL INDIA ANNA DRAVIDA MUNNETRA KAZHAGAM,12/Apr/2019,60000000
ALL INDIA ANNA DRAVIDA MUNNETRA KAZHAGAM,15/Apr/2019,500000
ALL INDIA TRINAMOOL CONGRESS,16/Apr/2019,170100000
ALL INDIA TRINAMOOL CONGRESS,22/Apr/2019,7500000
ALL INDIA TRINAMOOL CONGRESS,08/May/2019,50000000
ALL INDIA TRINAMOOL CONGRESS,14/May/2019,279546000
ALL INDIA TRINAMOOL CONGRESS,22/May/2019,10000000
ALL INDIA TRINAMOOL CONGRESS,15/Jul/2019,153800000
ALL INDIA TRINAMOOL CONGRESS,03/Oct/2019,200000000
ALL INDIA TRINAMOOL CONGRESS,27/Jan/2020,123700000
ALL INDIA TRINAMOOL CONGRESS,22/Oct/2020,150000000
ALL INDIA TRINAMOOL CONGRESS,23/Oct/2020,4000000
ALL INDIA TRINAMOOL CONGRESS,31/Oct/2020,10000000
ALL INDIA TRINAMOOL CONGRESS,07/Nov/2020,10000000
ALL INDIA TRINAMOOL CONGRESS,07/Jan/2021,250000000
ALL INDIA TRINAMOOL CONGRESS,13/Jan/2021,10000000
ALL INDIA TRINAMOOL CONGRESS,12/Apr/2021,502400000
ALL INDIA TRINAMOOL CONGRESS,13/Apr/2021,50000000
ALL INDIA TRINAMOOL CONGRESS,19/Apr/2021,2000000
ALL INDIA TRINAMOOL CONGRESS,09/Jul/2021,26500000
ALL INDIA TRINAMOOL CONGRESS,12/Jul/2021,610000000
ALL INDIA TRINAMOOL CONGRESS,13/Jul/2021,230000000
ALL INDIA TRINAMOOL CONGRESS,14/Jul/2021,95100000
ALL INDIA TRINAMOOL CONGRESS,15/Jul/2021,64300000
ALL INDIA TRINAMOOL CONGRESS,16/Jul/2021,39730000
ALL INDIA TRINAMOOL CONGRESS,23/Jul/2021,10000000
ALL INDIA TRINAMOOL CONGRESS,08/Oct/2021,355000000
ALL INDIA TRINAMOOL CONGRESS,11/Oct/2021,747500000
ALL INDIA TRINAMOOL CONGRESS,16/Oct/2021,251900000
ALL INDIA TRINAMOOL CONGRESS,18/Oct/2021,64000000
ALL INDIA TRINAMOOL CONGRESS,19/Oct/2021,1000000
ALL INDIA TRINAMOOL CONGRESS,10/Jan/2022,690000000
ALL INDIA TRINAMOOL CONGRESS,11/Jan/2022,290000000
ALL INDIA TRINAMOOL CONGRESS,13/Jan/2022,600000000
ALL INDIA TRINAMOOL CONGRESS,14/Jan/2022,510000000
ALL INDIA TRINAMOOL CONGRESS,15/Jan/2022,60000000
ALL INDIA TRINAMOOL CONGRESS,17/Jan/2022,56000000
ALL INDIA TRINAMOOL CONGRESS,21/Jan/2022,4000000
ALL INDIA TRINAMOOL CONGRESS,24/Jan/2022,32000000
ALL INDIA TRINAMOOL CONGRESS,08/Apr/2022,150000000
ALL INDIA TRINAMOOL CONGRESS,19/Apr/2022,30000000
ALL INDIA TRINAMOOL CONGRESS,11/Jul/2022,190000000
ALL INDIA TRINAMOOL CONGRESS,12/Jul/2022,445000000
ALL INDIA TRINAMOOL CONGRESS,14/Jul/2022,30000000
ALL INDIA TRINAMOOL CONGRESS,11/Oct/2022,100000000
ALL INDIA TRINAMOOL CONGRESS,12/Oct/2022,500000000
ALL INDIA TRINAMOOL CONGRESS,13/Oct/2022,300000000
ALL INDIA TRINAMOOL CONGRESS,14/Oct/2022,200000000
ALL INDIA TRINAMOOL CONGRESS,15/Oct/2022,331000000
ALL INDIA TRINAMOOL CONGRESS,14/Dec/2022,150000000
ALL INDIA TRINAMOOL CONGRESS,15/Dec/2022,10000000
ALL INDIA TRINAMOOL CONGRESS,19/Dec/2022,10000000
ALL INDIA TRINAMOOL CONGRESS,27/Jan/2023,200000000
ALL INDIA TRINAMOOL CONGRESS,30/Jan/2023,405000000
ALL INDIA TRINAMOOL CONGRESS,01/Feb/2023,200000000
ALL INDIA TRINAMOOL CONGRESS,13/Apr/2023,702000000
ALL INDIA TRINAMOOL CONGRESS,17/Apr/2023,118500000
ALL INDIA TRINAMOOL CONGRESS,18/Apr/2023,221500000
ALL INDIA TRINAMOOL CONGRESS,19/Apr/2023,633000000
ALL INDIA TRINAMOOL CONGRESS,20/Apr/2023,175000000
ALL INDIA TRINAMOOL CONGRESS,21/Apr/2023,19000000
ALL INDIA TRINAMOOL CONGRESS,26/Apr/2023,550000
ALL INDIA TRINAMOOL CONGRESS,11/Jul/2023,450000000
ALL INDIA TRINAMOOL CONGRESS,12/Jul/2023,200000000
ALL INDIA TRINAMOOL CONGRESS,13/Jul/2023,420000000
ALL INDIA TRINAMOOL CONGRESS,14/Jul/2023,80000000
ALL INDIA TRINAMOOL CONGRESS,19/Jul/2023,20000000
ALL INDIA TRINAMOOL CONGRESS,09/Oct/2023,690000000
ALL INDIA TRINAMOOL CONGRESS,13/Oct/2023,94500000
ALL INDIA TRINAMOOL CONGRESS,16/Oct/2023,505500000
ALL INDIA TRINAMOOL CONGRESS,17/Oct/2023,165188000
ALL INDIA TRINAMOOL CONGRESS,18/Oct/2023,94200000
ALL INDIA TRINAMOOL CONGRESS,20/Oct/2023,116200000
ALL INDIA TRINAMOOL CONGRESS,26/Oct/2023,17000000
ALL INDIA TRINAMOOL CONGRESS,27/Oct/2023,30300000
ALL INDIA TRINAMOOL CONGRESS,28/Nov/2023,67300000
ALL INDIA TRINAMOOL CONGRESS,10/Jan/2024,350000000
ALL INDIA TRINAMOOL CONGRESS,11/Jan/2024,630000000
ALL INDIA TRINAMOOL CONGRESS,15/Jan/2024,150000000
ALL INDIA TRINAMOOL CONGRESS,16/Jan/2024,20000000
ALL INDIA TRINAMOOL CONGRESS,17/Jan/2024,54500000
ALL INDIA TRINAMOOL CONGRESS,18/Jan/2024,100000000
BHARAT RASHTRA SAMITHI,12/Apr/2019,225000000
BHARAT RASHTRA SAMITHI,18/Apr/2019,10000000
BHARAT RASHTRA SAMITHI,22/Apr/2019,500000
BHARAT RASHTRA SAMITHI,08/May/2019,70000000
BHARAT RASHTRA SAMITHI,15/May/2019,16029000
BHARAT RASHTRA SAMITHI,17/May/2019,40000000
BHARAT RASHTRA SAMITHI,22/May/2019,10000000
BHARAT RASHTRA SAMITHI,08/Oct/2021,850000000
BHARAT RASHTRA SAMITHI,11/Oct/2021,680000000
BHARAT RASHTRA SAMITHI,06/Apr/2022,500000000
BHARAT RASHTRA SAMITHI,11/Apr/2022,920000000
BHARAT RASHTRA SAMITHI,12/Apr/2022,2680000000
BHARAT RASHTRA SAMITHI,13/Apr/2022,9870000
BHARAT RASHTRA SAMITHI,05/Jul/2022,100000000
BHARAT RASHTRA SAMITHI,06/Jul/2022,250000000
BHARAT RASHTRA SAMITHI,11/Jul/2022,75000000
BHARAT RASHTRA SAMITHI,13/Jul/2022,80000000
BHARAT RASHTRA SAMITHI,16/Jul/2022,125000000
BHARAT RASHTRA SAMITHI,10/Oct/2022,250000000
BHARAT RASHTRA SAMITHI,11/Oct/2022,300000000
BHARAT RASHTRA SAMITHI,31/Jan/2023,500000
BHARAT RASHTRA SAMITHI,06/Apr/2023,100000000
BHARAT RASHTRA SAMITHI,13/Apr/2023,300000000
BHARAT RASHTRA SAMITHI,15/Apr/2023,151000000
BHARAT RASHTRA SAMITHI,17/Apr/2023,350000000
BHARAT RASHTRA SAMITHI,18/Apr/2023,10000000
BHARAT RASHTRA SAMITHI,13/Jul/2023,2240000000
BHARAT RASHTRA SAMITHI,14/Jul/2023,247200000
BHARAT RASHTRA SAMITHI,15/Jul/2023,210000000
BHARAT RASHTRA SAMITHI,17/Jul/2023,187000000
BHARAT RASHTRA SAMITHI,18/Jul/2023,250000000
BHARAT RASHTRA SAMITHI,24/Jul/2023,10000000
BHARAT RASHTRA SAMITHI,25/Jul/2023,40000000
BHARAT RASHTRA SAMITHI,07/Oct/2023,100000000
BHARAT RASHTRA SAMITHI,12/Oct/2023,125000000
BHARAT RASHTRA SAMITHI,13/Oct/2023,110000000
BHARAT RASHTRA SAMITHI,16/Oct/2023,330000000
BHARAT RASHTRA SAMITHI,18/Oct/2023,60000000
BHARAT RASHTRA SAMITHI,16/Nov/2023,5000000
BHARAT RASHTRA SAMITHI,18/Nov/2023,80000000
BHARAT RASHTRA SAMITHI,23/Nov/2023,50000000
BHARTIYA JANTA PARTY,12/Apr/2019,2463000000
BHARTIYA JANTA PARTY,15/Apr/2019,500500000
BHARTIYA JANTA PARTY,16/Apr/2019,1162000000
BHARTIYA JANTA PARTY,18/Apr/2019,2275800000
BHARTIYA JANTA PARTY,20/Apr/2019,2107500000
BHARTIYA JANTA PARTY,22/Apr/2019,441801000
BHARTIYA JANTA PARTY,23/Apr/2019,1308500000
BHARTIYA JANTA PARTY,25/Apr/2019,131000000
BHARTIYA JANTA PARTY,29/Apr/2019,178500000
BHARTIYA JANTA PARTY,02/May/2019,20100000
BHARTIYA JANTA PARTY,03/May/2019,50000000
BHARTIYA JANTA PARTY,10/May/2019,3961500000
BHARTIYA JANTA PARTY,14/May/2019,2412500000
BHARTIYA JANTA PARTY,20/May/2019,701500000
BHARTIYA JANTA PARTY,22/May/2019,1500000
BHARTIYA JANTA PARTY,18/Jul/2019,110000000
BHARTIYA JANTA PARTY,22/Jul/2019,40000000
BHARTIYA JANTA PARTY,11/Oct/2019,932500000
BHARTIYA JANTA PARTY,15/Oct/2019,358300000
BHARTIYA JANTA PARTY,16/Oct/2019,350000000
BHARTIYA JANTA PARTY,18/Oct/2019,50000000
BHARTIYA JANTA PARTY,19/Oct/2019,130000000
BHARTIYA JANTA PARTY,23/Oct/2019,31000000
BHARTIYA JANTA PARTY,21/Jan/2020,450000000
BHARTIYA JANTA PARTY,27/Jan/2020,50000000
BHARTIYA JANTA PARTY,03/Feb/2020,30000000
BHARTIYA JANTA PARTY,02/Nov/2020,189000000
BHARTIYA JANTA PARTY,05/Nov/2020,19900000
BHARTIYA JANTA PARTY,19/Jan/2021,10000000
BHARTIYA JANTA PARTY,20/Jan/2021,4950000
BHARTIYA JANTA PARTY,08/Apr/2021,1145000000
BHARTIYA JANTA PARTY,12/Apr/2021,1730000000
BHARTIYA JANTA PARTY,16/Apr/2021,40000000
BHARTIYA JANTA PARTY,14/Jul/2021,150000000
BHARTIYA JANTA PARTY,17/Jul/2021,30000000
BHARTIYA JANTA PARTY,11/Oct/2021,70000000
BHARTIYA JANTA PARTY,13/Oct/2021,550000000
BHARTIYA JANTA PARTY,10/Jan/2022,2512500000
BHARTIYA JANTA PARTY,12/Jan/2022,937500000
BHARTIYA JANTA PARTY,14/Jan/2022,1755000000
BHARTIYA JANTA PARTY,17/Jan/2022,1075000000
BHARTIYA JANTA PARTY,18/Jan/2022,205000000
BHARTIYA JANTA PARTY,21/Jan/2022,137000000
BHARTIYA JANTA PARTY,12/Apr/2022,430000000
BHARTIYA JANTA PARTY,18/Apr/2022,555000000
BHARTIYA JANTA PARTY,12/Jul/2022,125000000
BHARTIYA JANTA PARTY,11/Oct/2022,790000000
BHARTIYA JANTA PARTY,15/Oct/2022,1000000000
BHARTIYA JANTA PARTY,18/Oct/2022,125000000
BHARTIYA JANTA PARTY,21/Oct/2022,310000000
BHARTIYA JANTA PARTY,14/Nov/2022,2000000000
BHARTIYA JANTA PARTY,16/Nov/2022,2017500000
BHARTIYA JANTA PARTY,18/Nov/2022,1875999000
BHARTIYA JANTA PARTY,21/Nov/2022,135000000
BHARTIYA JANTA PARTY,14/Dec/2022,1090000000
BHARTIYA JANTA PARTY,16/Dec/2022,490000000
BHARTIYA JANTA PARTY,19/Dec/2022,70000000
BHARTIYA JANTA PARTY,30/Jan/2023,1000000000
BHARTIYA JANTA PARTY,01/Feb/2023,370000000
BHARTIYA JANTA PARTY,04/Feb/2023,216000000
BHARTIYA JANTA PARTY,07/Feb/2023,342000000
BHARTIYA JANTA PARTY,12/Apr/2023,1770000000
BHARTIYA JANTA PARTY,17/Apr/2023,1430450000
BHARTIYA JANTA PARTY,18/Apr/2023,100000000
BHARTIYA JANTA PARTY,24/Apr/2023,42000000
BHARTIYA JANTA PARTY,10/Jul/2023,100000000
BHARTIYA JANTA PARTY,12/Jul/2023,395000000
BHARTIYA JANTA PARTY,15/Jul/2023,269900000
BHARTIYA JANTA PARTY,20/Jul/2023,104400000
BHARTIYA JANTA PARTY,24/Jul/2023,1000
BHARTIYA JANTA PARTY,12/Oct/2023,100000000
BHARTIYA JANTA PARTY,13/Oct/2023,1975000000
BHARTIYA JANTA PARTY,16/Oct/2023,654500000
BHARTIYA JANTA PARTY,19/Oct/2023,645000000
BHARTIYA JANTA PARTY,21/Oct/2023,50000000
BHARTIYA JANTA PARTY,25/Oct/2023,1000000
BHARTIYA JANTA PARTY,26/Oct/2023,155000000
BHARTIYA JANTA PARTY,27/Oct/2023,10000000
BHARTIYA JANTA PARTY,13/Nov/2023,1152500000
BHARTIYA JANTA PARTY,17/Nov/2023,1482500000
BHARTIYA JANTA PARTY,20/Nov/2023,1695000000
BHARTIYA JANTA PARTY,21/Nov/2023,350000000
BHARTIYA JANTA PARTY,22/Nov/2023,1350000000
BHARTIYA JANTA PARTY,23/Nov/2023,800000000
BHARTIYA JANTA PARTY,24/Nov/2023,140010000
BHARTIYA JANTA PARTY,28/Nov/2023,50000000
BHARTIYA JANTA PARTY,01/Dec/2023,13000000
BHARTIYA JANTA PARTY,12/Jan/2024,1100000000
BHARTIYA JANTA PARTY,17/Jan/2024,350000000
BHARTIYA JANTA PARTY,19/Jan/2024,500000000
BHARTIYA JANTA PARTY,24/Jan/2024,70000000
BIHAR PRADESH JANTA DAL(UNITED),16/Apr/2019,20000000
BIHAR PRADESH JANTA DAL(UNITED),26/Apr/2019,10000000
BIHAR PRADESH JANTA DAL(UNITED),31/Oct/2020,10000000
BIHAR PRADESH JANTA DAL(UNITED),10/Jan/2022,100000000
BIJU JANATA DAL,20/Jul/2019,100000000
BIJU JANATA DAL,20/Jan/2020,40000000
BIJU JANATA DAL,24/Jan/2020,30000000
BIJU JANATA DAL,27/Jan/2020,30000000
BIJU JANATA DAL,23/Oct/2020,500000000
BIJU JANATA DAL,27/Oct/2020,120000000
BIJU JANATA DAL,28/Oct/2020,50000000
BIJU JANATA DAL,07/Apr/2021,545000000
BIJU JANATA DAL,12/Apr/2021,545000000
BIJU JANATA DAL,13/Apr/2021,70000000
BIJU JANATA DAL,07/Oct/2021,700000000
BIJU JANATA DAL,11/Oct/2021,110000000
BIJU JANATA DAL,12/Oct/2021,440000000
BIJU JANATA DAL,10/Jan/2022,200000000
BIJU JANATA DAL,11/Jan/2022,170000000
BIJU JANATA DAL,13/Jan/2022,30000000
BIJU JANATA DAL,20/Jan/2022,100000000
BIJU JANATA DAL,11/Apr/2022,30000000
BIJU JANATA DAL,04/Jul/2022,500000000
BIJU JANATA DAL,06/Jul/2022,450000000
BIJU JANATA DAL,11/Jul/2022,70000000
BIJU JANATA DAL,13/Jul/2022,50000000
BIJU JANATA DAL,11/Oct/2022,350000000
BIJU JANATA DAL,01/Feb/2023,70000000
BIJU JANATA DAL,15/Apr/2023,150000000
BIJU JANATA DAL,07/Jul/2023,500000000
BIJU JANATA DAL,11/Jul/2023,75000000
BIJU JANATA DAL,13/Jul/2023,840000000
BIJU JANATA DAL,15/Jul/2023,140000000
BIJU JANATA DAL,18/Oct/2023,400000000
BIJU JANATA DAL,19/Oct/2023,50000000
BIJU JANATA DAL,20/Nov/2023,50000000
BIJU JANATA DAL,24/Nov/2023,250000000
DMK PARTY IN PARLIAMENT,15/Apr/2019,70000000
DMK PARTY IN PARLIAMENT,23/Apr/2019,20000000
DMK PARTY IN PARLIAMENT,23/Oct/2020,600000000
DMK PARTY IN PARLIAMENT,29/Oct/2020,200000000
DMK PARTY IN PARLIAMENT,07/Apr/2021,1030000000
DMK PARTY IN PARLIAMENT,12/Apr/2021,30000000
DMK PARTY IN PARLIAMENT,11/Oct/2021,990000000
DMK PARTY IN PARLIAMENT,11/Jan/2022,1000000000
DMK PARTY IN PARLIAMENT,11/Apr/2022,1000000000
DMK PARTY IN PARLIAMENT,08/Jul/2022,500000000
DMK PARTY IN PARLIAMENT,11/Jul/2022,250000000
DMK PARTY IN PARLIAMENT,12/Oct/2022,100000000
DMK PARTY IN PARLIAMENT,10/Apr/2023,400000000
DMK PARTY IN PARLIAMENT,23/Jan/2024,200000000
GOA FORWARD PARTY,12/Jan/2022,3500000
JAMMU AND KASHMIR NATIONAL CONFERENCE,29/Apr/2019,5000000
JANASENA PARTY,20/Oct/2022,20000000
JANASENA PARTY,15/Apr/2023,20000000
JANASENA PARTY,17/Jan/2024,150000000
JANASENA PARTY,20/Jan/2024,10000000
JANASENA PARTY,24/Jan/2024,10000000
JANATA DAL ( SECULAR ),15/Apr/2019,25000000
JANATA DAL ( SECULAR ),17/Apr/2023,10000000
JANATA DAL ( SECULAR ),18/Apr/2023,400000000
JHARKHAND MUKTI MORCHA,23/Apr/2019,10000000
JHARKHAND MUKTI MORCHA,01/Feb/2023,10000000
JHARKHAND MUKTI MORCHA,13/Apr/2023,10000000
JHARKHAND MUKTI MORCHA,24/Jul/2023,50000000
JHARKHAND MUKTI MORCHA,17/Oct/2023,55000000
MAHARASHTRAWADI GOMNTAK PARTY,18/Jan/2022,5500000
NATIONALIST CONGRESS PARTY MAHARASHTRA PRADESH,10/Oct/2019,5000000
NATIONALIST CONGRESS PARTY PARLIAMENT OF,15/Apr/2019,15000000
NATIONALIST CONGRESS PARTY PARLIAMENT OF,18/Apr/2019,10000000
NATIONALIST CONGRESS PARTY PARLIAMENT OF,09/May/2019,10000000
NATIONALIST CONGRESS PARTY PARLIAMENT OF,05/Oct/2019,20000000
NATIONALIST CONGRESS PARTY PARLIAMENT OF,10/Oct/2019,70000000
NATIONALIST CONGRESS PARTY PARLIAMENT OF,11/Oct/2019,25000000
NATIONALIST CONGRESS PARTY PARLIAMENT OF,09/Apr/2021,38000000
NATIONALIST CONGRESS PARTY PARLIAMENT OF,11/Jan/2022,100000000
NATIONALIST CONGRESS PARTY PARLIAMENT OF,15/Jan/2022,2000000
NATIONALIST CONGRESS PARTY PARLIAMENT OF,13/Apr/2023,15000000
"PRESIDENT, ALL INDIA CONGRESS COMMITTEE",12/Apr/2019,101000000
"PRESIDENT, ALL INDIA CONGRESS COMMITTEE",15/Apr/2019,354500000
"PRESIDENT, ALL INDIA CONGRESS COMMITTEE",16/Apr/2019,179200000
"PRESIDENT, ALL INDIA CONGRESS COMMITTEE",18/Apr/2019,128700000
"PRESIDENT, ALL INDIA CONGRESS COMMITTEE",20/Apr/2019,142210000
"PRESIDENT, ALL INDIA CONGRESS COMMITTEE",22/Apr/2019,110000000
"PRESIDENT, ALL INDIA CONGRESS COMMITTEE",23/Apr/2019,75000000
"PRESIDENT, ALL INDIA CONGRESS COMMITTEE",24/Apr/2019,2000000
"PRESIDENT, ALL INDIA CONGRESS COMMITTEE",25/Apr/2019,20000000
"PRESIDENT, ALL INDIA CONGRESS COMMITTEE",26/Apr/2019,73000000
"PRESIDENT, ALL INDIA CONGRESS COMMITTEE",08/May/2019,20000000
"PRESIDENT, ALL INDIA CONGRESS COMMITTEE",09/May/2019,150000000
"PRESIDENT, ALL INDIA CONGRESS COMMITTEE",10/May/2019,50000000
"PRESIDENT, ALL INDIA CONGRESS COMMITTEE",13/May/2019,125000000
"PRESIDENT, ALL INDIA CONGRESS COMMITTEE",15/May/2019,50000000
"PRESIDENT, ALL INDIA CONGRESS COMMITTEE",16/May/2019,100000000
"PRESIDENT, ALL INDIA CONGRESS COMMITTEE",20/May/2019,5000000
"PRESIDENT, ALL INDIA CONGRESS COMMITTEE",15/Oct/2019,2500000
"PRESIDENT, ALL INDIA CONGRESS COMMITTEE",19/Oct/2019,10000000
"PRESIDENT, ALL INDIA CONGRESS COMMITTEE",22/Oct/2019,5000000
"PRESIDENT, ALL INDIA CONGRESS COMMITTEE",28/Jan/2020,60000000
"PRESIDENT, ALL INDIA CONGRESS COMMITTEE",29/Oct/2020,30000000
"PRESIDENT, ALL INDIA CONGRESS COMMITTEE",18/Jan/2021,70750000
"PRESIDENT, ALL INDIA CONGRESS COMMITTEE",08/Apr/2021,50000000
"PRESIDENT, ALL INDIA CONGRESS COMMITTEE",09/Apr/2021,250000000
"PRESIDENT, ALL INDIA CONGRESS COMMITTEE",12/Apr/2021,80000000
"PRESIDENT, ALL INDIA CONGRESS COMMITTEE",13/Apr/2021,177500000
"PRESIDENT, ALL INDIA CONGRESS COMMITTEE",16/Apr/2021,30000000
"PRESIDENT, ALL INDIA CONGRESS COMMITTEE",12/Jul/2021,247000000
"PRESIDENT, ALL INDIA CONGRESS COMMITTEE",05/Oct/2021,120000000
"PRESIDENT, ALL INDIA CONGRESS COMMITTEE",07/Oct/2021,124300000
"PRESIDENT, ALL INDIA CONGRESS COMMITTEE",11/Oct/2021,21150000
"PRESIDENT, ALL INDIA CONGRESS COMMITTEE",12/Oct/2021,63545000
"PRESIDENT, ALL INDIA CONGRESS COMMITTEE",20/Oct/2021,5000000
"PRESIDENT, ALL INDIA CONGRESS COMMITTEE",06/Jan/2022,179800000
"PRESIDENT, ALL INDIA CONGRESS COMMITTEE",10/Jan/2022,200000000
"PRESIDENT, ALL INDIA CONGRESS COMMITTEE",12/Jan/2022,508700000
"PRESIDENT, ALL INDIA CONGRESS COMMITTEE",13/Jan/2022,275000000
"PRESIDENT, ALL INDIA CONGRESS COMMITTEE",18/Jan/2022,27000000
"PRESIDENT, ALL INDIA CONGRESS COMMITTEE",20/Jan/2022,2000000
"PRESIDENT, ALL INDIA CONGRESS COMMITTEE",13/Apr/2022,80000000
"PRESIDENT, ALL INDIA CONGRESS COMMITTEE",06/Jul/2022,150000000
"PRESIDENT, ALL INDIA CONGRESS COMMITTEE",11/Jul/2022,350000000
"PRESIDENT, ALL INDIA CONGRESS COMMITTEE",12/Jul/2022,5000000
"PRESIDENT, ALL INDIA CONGRESS COMMITTEE",19/Jul/2022,70000000
"PRESIDENT, ALL INDIA CONGRESS COMMITTEE",10/Oct/2022,150000000
"PRESIDENT, ALL INDIA CONGRESS COMMITTEE",12/Oct/2022,52000000
"PRESIDENT, ALL INDIA CONGRESS COMMITTEE",14/Oct/2022,130000000
"PRESIDENT, ALL INDIA CONGRESS COMMITTEE",18/Oct/2022,40000000
"PRESIDENT, ALL INDIA CONGRESS COMMITTEE",14/Nov/2022,4000000
"PRESIDENT, ALL INDIA CONGRESS COMMITTEE",16/Nov/2022,170000000
"PRESIDENT, ALL INDIA CONGRESS COMMITTEE",17/Nov/2022,100000000
"PRESIDENT, ALL INDIA CONGRESS COMMITTEE",18/Nov/2022,103100000
"PRESIDENT, ALL INDIA CONGRESS COMMITTEE",22/Nov/2022,50000000
"PRESIDENT, ALL INDIA CONGRESS COMMITTEE",23/Nov/2022,22000000
"PRESIDENT, ALL INDIA CONGRESS COMMITTEE",24/Nov/2022,15000000
"PRESIDENT, ALL INDIA CONGRESS COMMITTEE",28/Nov/2022,30000000
"PRESIDENT, ALL INDIA CONGRESS COMMITTEE",13/Dec/2022,80000000
"PRESIDENT, ALL INDIA CONGRESS COMMITTEE",20/Dec/2022,100000000
"PRESIDENT, ALL INDIA CONGRESS COMMITTEE",27/Jan/2023,9100000
"PRESIDENT, ALL INDIA CONGRESS COMMITTEE",06/Apr/2023,60000000
"PRESIDENT, ALL INDIA CONGRESS COMMITTEE",10/Apr/2023,722500000
"PRESIDENT, ALL INDIA CONGRESS COMMITTEE",11/Apr/2023,130000000
"PRESIDENT, ALL INDIA CONGRESS COMMITTEE",13/Apr/2023,100000000
"PRESIDENT, ALL INDIA CONGRESS COMMITTEE",17/Apr/2023,770000000
"PRESIDENT, ALL INDIA CONGRESS COMMITTEE",20/Apr/2023,123000000
"PRESIDENT, ALL INDIA CONGRESS COMMITTEE",10/Jul/2023,5000000
"PRESIDENT, ALL INDIA CONGRESS COMMITTEE",13/Jul/2023,100000000
"PRESIDENT, ALL INDIA CONGRESS COMMITTEE",14/Jul/2023,100000000
"PRESIDENT, ALL INDIA CONGRESS COMMITTEE",05/Oct/2023,150000000
"PRESIDENT, ALL INDIA CONGRESS COMMITTEE",06/Oct/2023,560000000
"PRESIDENT, ALL INDIA CONGRESS COMMITTEE",07/Oct/2023,100000000
"PRESIDENT, ALL INDIA CONGRESS COMMITTEE",09/Oct/2023,600000000
"PRESIDENT, ALL INDIA CONGRESS COMMITTEE",10/Oct/2023,1279300000
"PRESIDENT, ALL INDIA CONGRESS COMMITTEE",12/Oct/2023,250000000
"PRESIDENT, ALL INDIA CONGRESS COMMITTEE",13/Oct/2023,649800000
"PRESIDENT, ALL INDIA CONGRESS COMMITTEE",16/Oct/2023,80000000
"PRESIDENT, ALL INDIA CONGRESS COMMITTEE",17/Oct/2023,153000000
"PRESIDENT, ALL INDIA CONGRESS COMMITTEE",19/Oct/2023,120000000
"PRESIDENT, ALL INDIA CONGRESS COMMITTEE",21/Oct/2023,20000000
"PRESIDENT, ALL INDIA CONGRESS COMMITTEE",23/Oct/2023,7000000
"PRESIDENT, ALL INDIA CONGRESS COMMITTEE",25/Oct/2023,50000000
"PRESIDENT, ALL INDIA CONGRESS COMMITTEE",09/Nov/2023,60000000
"PRESIDENT, ALL INDIA CONGRESS COMMITTEE",10/Nov/2023,190000000
"PRESIDENT, ALL INDIA CONGRESS COMMITTEE",13/Nov/2023,85000000
"PRESIDENT, ALL INDIA CONGRESS COMMITTEE",14/Nov/2023,300000000
"PRESIDENT, ALL INDIA CONGRESS COMMITTEE",15/Nov/2023,90000000
"PRESIDENT, ALL INDIA CONGRESS COMMITTEE",20/Nov/2023,150000000
"PRESIDENT, ALL INDIA CONGRESS COMMITTEE",21/Nov/2023,400000000
"PRESIDENT, ALL INDIA CONGRESS COMMITTEE",24/Nov/2023,130000000
"PRESIDENT, ALL INDIA CONGRESS COMMITTEE",28/Nov/2023,390000000
"PRESIDENT, ALL INDIA CONGRESS COMMITTEE",15/Jan/2024,214000000
"PRESIDENT, ALL INDIA CONGRESS COMMITTEE",16/Jan/2024,50000000
"PRESIDENT, ALL INDIA CONGRESS COMMITTEE",18/Jan/2024,85000000
"PRESIDENT, ALL INDIA CONGRESS COMMITTEE",22/Jan/2024,10000000
RASHTRIYA JANTA DAL,18/Jul/2023,10000000
RASTRIYA JANTA DAL,16/Apr/2019,10000000
RASTRIYA JANTA DAL,24/Apr/2019,15000000
RASTRIYA JANTA DAL,29/Oct/2020,10000000
RASTRIYA JANTA DAL,18/Jul/2023,197000000
RASTRIYA JANTA DAL,19/Jul/2023,93000000
RASTRIYA JANTA DAL,19/Oct/2023,240000000
RASTRIYA JANTA DAL,20/Oct/2023,10000000
RASTRIYA JANTA DAL,20/Jan/2024,150000000
SHIROMANI AKALI DAL,20/Apr/2019,60070000
SHIROMANI AKALI DAL,22/Apr/2019,2530000
SHIROMANI AKALI DAL,10/May/2019,5000000
SHIROMANI AKALI DAL,14/Jan/2022,5000000
SHIVSENA,09/Oct/2019,10000000
SHIVSENA (POLITICAL PARTY),12/Apr/2019,37000000
SHIVSENA (POLITICAL PARTY),15/Apr/2019,20000000
SHIVSENA (POLITICAL PARTY),18/Apr/2019,12000000
SHIVSENA (POLITICAL PARTY),20/Apr/2019,50000000
SHIVSENA (POLITICAL PARTY),22/Apr/2019,2500000
SHIVSENA (POLITICAL PARTY),23/Apr/2019,20000000
SHIVSENA (POLITICAL PARTY),25/Apr/2019,1000000
SHIVSENA (POLITICAL PARTY),30/Apr/2019,3800000
SHIVSENA (POLITICAL PARTY),04/May/2019,2500000
SHIVSENA (POLITICAL PARTY),13/May/2019,5000000
SHIVSENA (POLITICAL PARTY),11/Jul/2019,50000000
SHIVSENA (POLITICAL PARTY),05/Oct/2019,30000000
SHIVSENA (POLITICAL PARTY),09/Oct/2019,35000000
SHIVSENA (POLITICAL PARTY),14/Oct/2019,55000000
SHIVSENA (POLITICAL PARTY),06/Jan/2022,250000000
SHIVSENA (POLITICAL PARTY),11/Jan/2022,40000000
SHIVSENA (POLITICAL PARTY),25/Jul/2023,330000000
SHIVSENA (POLITICAL PARTY),18/Oct/2023,370314000
SHIVSENA (POLITICAL PARTY),19/Oct/2023,18000000
SHIVSENA (POLITICAL PARTY),20/Oct/2023,1700000
SHIVSENA (POLITICAL PARTY),15/Jan/2024,250000000
SIKKIM DEMOCRATIC FRONT,10/Nov/2023,50000000
SIKKIM DEMOCRATIC FRONT,18/Jan/2024,5000000
SIKKIM KRANTIKARI MORCHA,13/Oct/2022,20000000
SIKKIM KRANTIKARI MORCHA,02/Feb/2023,25000000
SIKKIM KRANTIKARI MORCHA,07/Feb/2023,30000000
SIKKIM KRANTIKARI MORCHA,20/Jul/2023,80000000
SIKKIM KRANTIKARI MORCHA,16/Oct/2023,30000000
SIKKIM KRANTIKARI MORCHA,17/Oct/2023,150000000
SIKKIM KRANTIKARI MORCHA,19/Jan/2024,30000000
TELUGU DESAM PARTY,12/Apr/2019,3000000
TELUGU DESAM PARTY,15/Apr/2019,50000000
TELUGU DESAM PARTY,18/Apr/2019,20000000
TELUGU DESAM PARTY,07/Apr/2021,25000000
TELUGU DESAM PARTY,08/Apr/2021,10000000
TELUGU DESAM PARTY,05/Jul/2022,30000000
TELUGU DESAM PARTY,11/Jul/2022,50000000
TELUGU DESAM PARTY,13/Oct/2022,50000000
TELUGU DESAM PARTY,24/Jan/2023,60000000
TELUGU DESAM PARTY,31/Jan/2023,130000000
TELUGU DESAM PARTY,01/Feb/2023,20000000
TELUGU DESAM PARTY,11/Apr/2023,20000000
TELUGU DESAM PARTY,13/Apr/2023,50000000
TELUGU DESAM PARTY,17/Apr/2023,250000000
TELUGU DESAM PARTY,10/Jul/2023,5000000
TELUGU DESAM PARTY,13/Jul/2023,20000000
TELUGU DESAM PARTY,14/Jul/2023,2500000
TELUGU DESAM PARTY,13/Oct/2023,108800000
TELUGU DESAM PARTY,18/Oct/2023,2500000
TELUGU DESAM PARTY,22/Nov/2023,99000000
TELUGU DESAM PARTY,28/Nov/2023,1000000
TELUGU DESAM PARTY,08/Jan/2024,102000000
TELUGU DESAM PARTY,11/Jan/2024,350000000
TELUGU DESAM PARTY,12/Jan/2024,470000000
TELUGU DESAM PARTY,16/Jan/2024,200000000
TELUGU DESAM PARTY,17/Jan/2024,30000000
TELUGU DESAM PARTY,22/Jan/2024,30000000
YSR CONGRESS PARTY (YUVAJANA SRAMIKA R,12/Apr/2019,62500000
YSR CONGRESS PARTY (YUVAJANA SRAMIKA R,18/Apr/2019,20000000
YSR CONGRESS PARTY (YUVAJANA SRAMIKA R,07/Nov/2020,890000000
YSR CONGRESS PARTY (YUVAJANA SRAMIKA R,18/Jan/2021,62500000
YSR CONGRESS PARTY (YUVAJANA SRAMIKA R,19/Apr/2021,600000000
YSR CONGRESS PARTY (YUVAJANA SRAMIKA R,18/Apr/2022,100000000
YSR CONGRESS PARTY (YUVAJANA SRAMIKA R,13/Oct/2022,50000000
YSR CONGRESS PARTY (YUVAJANA SRAMIKA R,18/Nov/2022,120000000
YSR CONGRESS PARTY (YUVAJANA SRAMIKA R,23/Nov/2022,40000000
YSR CONGRESS PARTY (YUVAJANA SRAMIKA R,12/Dec/2022,200000000
YSR CONGRESS PARTY (YUVAJANA SRAMIKA R,16/Dec/2022,10000000
YSR CONGRESS PARTY (YUVAJANA SRAMIKA R,11/Apr/2023,100000000
YSR CONGRESS PARTY (YUVAJANA SRAMIKA R,15/Apr/2023,250000000
YSR CONGRESS PARTY (YUVAJANA SRAMIKA R,12/Jul/2023,5000000
YSR CONGRESS PARTY (YUVAJANA SRAMIKA R,17/Jul/2023,250000000
YSR CONGRESS PARTY (YUVAJANA SRAMIKA R,17/Nov/2023,200000000
YSR CONGRESS PARTY (YUVAJANA SRAMIKA R,24/Nov/2023,40000000
YSR CONGRESS PARTY (YUVAJANA SRAMIKA R,02/Dec/2023,250000000
YSR CONGRESS PARTY (YUVAJANA SRAMIKA R,04/Dec/2023,90000000
YSR CONGRESS PARTY (YUVAJANA SRAMIKA R,19/Jan/2024,30000000